epoch,time,train/box_loss,train/cls_loss,train/dfl_loss,metrics/precision(B),metrics/recall(B),metrics/mAP50(B),metrics/mAP50-95(B),val/box_loss,val/cls_loss,val/dfl_loss,lr/pg0,lr/pg1,lr/pg2
1,111.578,4.68925,7.3724,1.92549,0,0,0,0,3.54185,5.3699,1.25158,0.00018577,0.00018577,0.00018577
2,224.18,3.36727,4.67515,1.18868,0,0,0,0,4.02891,5.67684,1.34703,0.00038201,0.00038201,0.00038201
